source_scan,fourier_number,spatial_points,quantum_steps_nt,status,strict_accuracy_passed_1_0,physics_audit_passed_1_0,max_abs_error_k,rmse_k,relative_l2_error,runtime_s,min_temperature_k,max_temperature_k
working_region_fo,0.001,32,1,success,1,1,0.00862296566998566,0.006372585727279305,0.0000896262071933825,1.866194661706686,9.41806361079216,98.89711737632751
working_region_fo,0.001,32,2,success,1,1,0.009749493456240543,0.007120470734828982,0.00010014471561556569,2.225667058955878,9.412870556116104,98.89599084854126
working_region_fo,0.005,32,1,success,1,1,0.2418989877391482,0.17616357214587355,0.0025773933212166187,1.6760171670466661,9.238842129707336,94.83526945114136
working_region_fo,0.005,32,2,success,1,1,0.08079359337574488,0.05771711595660436,0.000844440807905823,2.259494401048869,9.091868996620178,94.99637484550476
working_region_fo,0.01,32,1,success,1,1,1.8438735945474605,1.2638418572076606,0.019426246670974576,1.7239170907996595,9.451647847890854,88.65531086921692
working_region_fo,0.01,32,2,success,1,1,0.43946895434970656,0.30333175534916285,0.00466244844554499,2.30008627101779,8.790314197540283,90.05971550941467
working_region_fo,0.02,32,1,success,0,0,27.818923577837523,18.56900944780474,0.31502719687213776,1.5672192820347846,12.79376745223999,54.17497158050537
working_region_fo,0.02,32,2,success,0,1,3.108649835161742,2.0929719126952286,0.03550771389512342,2.3162874579429626,8.463644981384277,78.88524532318115
working_region_fo,0.02,32,4,success,1,1,0.7472568603082266,0.5072148262275084,0.008605007465130599,3.517725571990013,7.94193297624588,81.24663829803467
working_region_fo,0.02,32,8,success,1,1,0.2567225547357168,0.17695003766726877,0.0030019950449930457,5.852322190068662,7.8292518854141235,81.73717260360718
working_region_gapfill,0.03,32,1,success,0,0,70.03010662864476,45.97686362499604,0.8609180253645393,1.8425678168423474,-8.925104886293411,144.31805610656738
working_region_gapfill,0.03,32,2,success,0,1,11.283759748232086,7.703530658443003,0.14424882168770403,2.2151149483397603,8.373909443616867,63.00418972969055
working_region_gapfill,0.03,32,4,success,0,1,2.088217412721832,1.4235117131093455,0.026655295653249242,3.44308927282691,7.322315871715546,72.1997320652008
working_region_gapfill,0.03,32,8,success,1,1,0.5343362443563535,0.36516316844828955,0.006837690288761778,5.638784507289529,7.125302404165268,73.75361323356628
working_region_gapfill,0.03,32,16,success,1,1,0.20109263588162207,0.1398817153748231,0.002619288935568571,10.436281956266612,7.07663893699646,74.08685684204102
working_region_fo,0.04,32,1,success,0,0,36.156767223366,29.1030763371306,0.6014845892934234,1.5398691580630839,-0.649917172268033,103.24170589447021
working_region_fo,0.04,32,2,success,0,0,35.701939506452746,24.716801399618113,0.5108317404757973,2.303024701308459,7.486023008823395,31.604284048080444
working_region_fo,0.04,32,4,success,0,1,4.549190444868273,3.1082224216184686,0.06423884076868422,3.3866035998798907,6.756209582090378,62.75703310966492
working_region_fo,0.04,32,8,success,1,1,0.9919792842084831,0.6772456487803107,0.013996899028425734,5.814059967175126,6.487683951854706,66.3142442703247
working_region_fo,0.04,32,16,success,1,1,0.23733083717173997,0.16217154200150827,0.0033516622849732603,10.522025895304978,6.425704061985016,67.06889271736145
working_region_gapfill,0.05,32,1,success,0,0,35.05891557052641,24.8609434018276,0.567108763420255,1.5400308007374406,-0.1981482608243823,96.03956937789917
working_region_gapfill,0.05,32,2,success,0,0,60.77711390199042,43.74789780288445,0.9979434739956669,2.3261682027950883,-0.4467237275093794,0.6766602862626314
working_region_gapfill,0.05,32,4,success,0,1,8.671575829238613,5.977709924184076,0.1363589316944347,3.3204966951161623,6.148569285869598,52.309077978134155
working_region_gapfill,0.05,32,8,success,0,1,1.6517545665539117,1.1729727508397914,0.026756954291827385,5.703509849961847,5.843086540699005,59.33655500411987
working_region_gapfill,0.05,32,16,success,1,1,0.3203000510967584,0.225911107850921,0.005153310835614446,10.271118451841176,5.815158039331436,60.670632123947144
working_region_gapfill,0.05,32,32,success,1,1,0.020777071964786842,0.013008361361109059,0.00029673675718517044,19.520131536759436,5.8123622089624405,60.966479778289795
working_region_grid,0.06,8,1,success,1,1,0.37673951060732236,0.2503877542757856,0.006035742527864293,1.162477714009583,19.095806777477264,54.0951669216156
working_region_grid,0.06,8,2,success,1,1,0.26010035603086124,0.22361810499757326,0.0053904445536408635,1.1054588719271123,19.08479332923889,54.732006788253784
working_region_grid,0.06,16,1,success,0,0,16.16525342217634,11.133963632621866,0.27617172378120913,1.2270245430991054,10.29203087091446,38.91101777553558
working_region_grid,0.06,16,2,success,0,1,2.907454869663219,1.9808223827208338,0.0491331883227639,1.6129226088523865,10.302817076444626,52.168816328048706
working_region_grid,0.06,16,4,success,1,1,0.5079506849403188,0.33911255337066626,0.008411496705973196,2.2786778402514756,10.23186668753624,54.568320512771606
working_region_grid,0.06,16,8,success,1,1,0.047253477076695916,0.042689741327605155,0.0010588950924606494,3.8450239738449454,10.210847854614258,55.114346742630005
working_region_fo,0.06,32,1,success,0,0,25.536952799862256,16.92981305695609,0.4262496774887893,1.5384406549856067,-2.9792597517371178,80.78652620315552
working_region_grid,0.06,32,1,success,0,0,25.536952799862256,16.92981305695609,0.4262496774887893,1.5443399888463318,-2.9792597517371178,80.78652620315552
working_region_fo,0.06,32,2,success,0,0,133.63162118822896,89.46577322128135,2.252520854988862,2.3264034437015653,-11.800964921712875,188.88119459152222
working_region_grid,0.06,32,2,success,0,0,133.63162118822896,89.46577322128135,2.252520854988862,2.375589455012232,-11.800964921712875,188.88119459152222
working_region_fo,0.06,32,4,success,0,0,15.107564741069453,10.510492916085624,0.2646275065564843,3.4002152290195227,5.381563678383827,40.142008662223816
working_region_grid,0.06,32,4,success,0,0,15.107564741069453,10.510492916085624,0.2646275065564843,3.326308500021696,5.381563678383827,40.142008662223816
working_region_fo,0.06,32,8,success,0,1,2.7679399785343577,1.9163328812638056,0.048248392929787214,5.829333998262882,5.330982431769371,52.48163342475891
working_region_grid,0.06,32,8,success,0,1,2.7679399785343577,1.9163328812638056,0.048248392929787214,5.731773137114942,5.330982431769371,52.48163342475891
working_region_fo,0.06,32,16,success,1,1,0.5482808884922434,0.3767032448735916,0.00948443057794866,10.431777959223837,5.286580324172974,54.701292514801025
working_region_grid,0.06,32,16,success,1,1,0.5482808884922434,0.3767032448735916,0.00948443057794866,10.311399224214256,5.286580324172974,54.701292514801025
working_region_fo,0.06,32,32,success,1,1,0.07038276761211648,0.04664279592787268,0.0011743470914028953,20.136000820901245,5.271182954311371,55.17919063568115
working_region_grid,0.06,32,32,success,1,1,0.07038276761211648,0.04664279592787268,0.0011743470914028953,19.592889974825084,5.271182954311371,55.17919063568115
working_region_grid,0.06,64,1,success,0,0,44.15849681558342,31.4488337606562,0.7978692637956339,2.6227514990605414,-0.029330438701435924,99.45456981658936
working_region_grid,0.06,64,2,success,0,0,27.712064818246006,16.692915235722054,0.4235058155444481,3.3833832992240787,-25.03974437713623,78.36198806762695
working_region_grid,0.06,64,4,success,0,0,29.621728617570113,20.453711216048976,0.518918686589063,5.1707347529008985,-0.9492533281445503,84.91780161857605
working_region_grid,0.06,64,8,success,0,0,137.79572482766838,94.58995328981419,2.39978426443985,8.893919771071523,-7.238867878913879,193.09179782867432
working_region_grid,0.06,64,16,success,0,0,14.620796483137894,10.196243904838191,0.25868271236218393,16.153378490824252,2.6849450543522835,40.67527651786804
working_region_grid,0.06,64,32,success,0,1,2.7662432604816445,1.90769594292915,0.04839899530503414,30.49891216866672,2.6849456131458282,52.52982974052429
working_region_grid,0.06,64,64,success,1,1,0.6955588627693956,0.4807594406403581,0.012197055823621728,59.52497726306319,2.6680340990424156,54.60187792778015
working_region_grid,0.06,64,128,success,1,1,0.23936875351646592,0.1663597475435163,0.0042206121316914385,117.31962949223816,2.667987160384655,55.05722165107727
working_region_gapfill,0.07,32,1,success,0,0,83.63062352586269,75.60337212815189,2.1009524091751772,1.5352455889806151,63.97475004196167,133.68773460388184
working_region_gapfill,0.07,32,2,success,0,0,90.73244542527675,61.71547359783681,1.7150197046631637,2.2429859158582985,-2.711682580411434,140.7895565032959
working_region_gapfill,0.07,32,4,success,0,0,23.006386452431677,16.362149223648103,0.45468999415049705,3.367398933041841,3.674626350402832,27.050724625587463
working_region_gapfill,0.07,32,8,success,0,1,4.081515365357397,2.8897570830014403,0.08030385331452965,5.688114443793893,4.649537429213524,45.97559571266174
working_region_gapfill,0.07,32,16,success,1,1,0.8898684318017942,0.6249157062673798,0.01736586770744022,10.317278382834047,4.755650088191032,49.167242646217346
working_region_gapfill,0.07,32,32,success,1,1,0.16478984903812233,0.11473366213905431,0.0031883493698659894,19.494318432174623,4.767308011651039,49.89232122898102
working_region_fo,0.08,32,1,success,0,0,71.32001246297102,51.05198697442702,1.565852482629802,1.5315628480166197,13.0855992436409,116.67265892028809
working_region_fo,0.08,32,2,success,0,0,67.77379835927229,50.465999896164455,1.5478792483706527,2.085277538280934,-0.6505255587399006,113.12644481658936
working_region_fo,0.08,32,4,success,0,0,33.13852133381005,24.350012689393036,0.7468568821983878,3.5043383059091866,1.4565124176442623,12.859967350959778
working_region_fo,0.08,32,8,success,0,1,5.916270362498949,4.139840189412286,0.12697603800473062,5.906901855021715,4.247438907623291,39.436376094818115
working_region_fo,0.08,32,16,success,0,1,1.3502535692479114,0.9435651835945335,0.02894077141394412,10.456780195236206,4.305703565478325,44.00239288806915
working_region_fo,0.08,32,32,success,1,1,0.3491875997807483,0.24095913692752266,0.007390632277629003,20.161349339410663,4.308732971549034,45.003458857536316
working_region_fo,0.08,32,64,success,1,1,0.18044685042161746,0.12654865065722254,0.003881465356173582,38.6903978199698,4.304884001612663,45.17219960689545
working_region_fo,0.1,32,1,success,0,0,54.54042917882026,39.262007015326496,1.4670232148311377,1.5245574661530554,9.284819662570953,91.76899790763855
working_region_fo,0.1,32,2,success,0,0,55.127493206606516,38.8722149233037,1.4524586499648582,2.4007882117293775,-0.18111418467015028,92.3560619354248
working_region_fo,0.1,32,4,success,0,0,36.520651330487006,26.706643700042157,0.9978926009282051,3.4882961492985487,-0.745400320738554,0.9443903341889381
working_region_fo,0.1,32,8,success,0,0,9.644221599950185,6.759861690529959,0.2525819432812977,5.7504808232188225,3.2369107007980347,27.584347128868103
working_region_fo,0.1,32,16,success,0,1,2.2373341878789574,1.5732117844906375,0.058782991118939705,10.550954424776137,3.48069928586483,34.99123454093933
working_region_fo,0.1,32,32,success,1,1,0.6247156223195702,0.4477435451897529,0.016729918438141762,19.816657518036664,3.510851413011551,36.60385310649872
working_region_fo,0.1,32,64,success,1,1,0.26002758349358146,0.1878379063581794,0.007018555346525118,39.331294796895236,3.522942215204239,36.96854114532471
